question_id,answer_type,question,generated_sql,qwen35_ans,det_ans,v1_1_ans,match_exact,match_close
HV-IC-0001,money,"Starting with Rajesh Rao’s Six Sigma Black Belt (6S-500161) work on the Material Handling Plant — Uttar Pradesh Pkg-47 project with the National Expressway Development Authority, what is the combined value of every completed assignment he has done for that client right now to lock the submission?",,,2942400000.0,129400000.0,False,False
HV-IC-0002,money,"Irrigation & Waterways Dept, Govt of Rajasthan; excluding water treatment — what is the auditable sum of every other executed contract value for that portfolio?",,,1516600000.0,1516600000.0,True,True
HV-IC-0003,percent,"Regarding the Ring Road — West Bengal Pkg-128 assignment under PMP, with Amit Iyer as the assigned contact, could you please confirm the collection figure out of 100 for all amounts billed to the client?",,,90.19,90.19,True,True
HV-IC-0006,money,"Lakshya Engineering & Construction is under audit, so what is the exact gap between the total value of work awarded and the amount we have actually invoiced?",,,213836582.0,398441008.0,False,False
HV-IC-0009,percent,"pmp deepa chatterjee hospital block — west bengal pkg-18, what’s the collection percentage out of 100 for billed?",,,82.38,82.38,True,True
HV-IC-0010,percent,"I’m still getting my head around how we track these, but for the PMP assignment Tanvir Menon is handling on the Flyover — Delhi Pkg-99, what percentage out of 100 has actually been collected against the total billed?",,,88.9,88.9,True,True
HV-IC-0014,days,"I’m pretty sure Pooja Bose’s PMP for the Madhya Pradesh water plant was issued back in March 2021, but do you know how many days actually elapsed before that project wrapped up?","SELECT ABS(JULIANDAY(p.completion_date) - JULIANDAY(pc.issue_date)) AS days_elapsed 
FROM projects p
JOIN personnel_certs pc ON p.doc_id = pc.doc_id AND LOWER(pc.cred_type) LIKE '%pmp%'
WHERE (LOWER(p.project_name || ' ') LIKE '%madhya pradesh%') OR (LOWER(p.state) LIKE '%water plant%')
  AND EXISTS(SELECT * FROM engineers e WHERE e.name = 'Pooja Bose' AND emp_id = pc.emp_id);",,0.0,536.0,False,False
HV-IC-0017,money,"Community Centre — Uttar Pradesh Pkg-139’s client: what’s the average size of all work we’ve finished for them, and I need that number by 2 PM for the bid cutoff?",,,0.0,326933333.0,False,False
HV-IC-0018,money,"I’m still finding my way around the bid desk, but could you quickly tell me the combined value of all the West Bengal irrigation and waterways projects that meet or exceed the forty crore threshold?",,,0.0,1150300000.0,False,False
HV-IC-0020,count,"PMP; Farhan Rao, could you please confirm the total number of distinct work categories he has successfully led to completion?","SELECT COUNT(DISTINCT p.category) 
FROM projects p
JOIN engineers e ON p.lead_engineer = e.emp_id
WHERE e.name = 'Farhan Rao'
AND p.completion_date IS NOT NULL",0.0,2.0,2.0,True,True
HV-IC-0021,money,What is the net difference in the value of work completed for Meridian Constructors & Co. between 2020 and 2022?,,,0.0,-1189100000.0,False,False
HV-IC-0023,money,"Subarnarekha Valley Corporation's active projects require a final reconciliation, so what is the net shortfall between our awarded contract values and the amounts we have formally billed?",,,0.0,2293370196.0,False,False
HV-IC-0024,days,"Cross-checking the Jharkhand Pkg-131 pipeline laying entry for Gautam Joshi, whose PMP was issued 2021-03-10, what is the interval from that issue date to the completion date?",,,160.0,160.0,True,True
HV-IC-0025,money,"Trishakti Power Generation Corporation’s file is right here, but I’m still getting my bearings—could you tell me how much their total awarded value moved between 2020 and 2024?",,,1521400000.0,-1453900000.0,False,False
HV-IC-0026,money,"Just trying to wrap my head around the desk workflow, but could you show me how to quickly sum the value of just the Public Health Engineering Dept, Odisha assignments that clear the twenty-three crore mark?",,,1028500000.0,1028500000.0,True,True
HV-IC-0027,money,"Mega Infrastructure Authority assignments cross-checked against the forty-three crore cutoff, what is the sum of the assignments that clear that mark?",,,3377600000.0,3377600000.0,True,True
HV-IC-0028,money,"Regarding Sunita Joshi’s PMP credential (PMI-200039) and her assignment on the Ring Road — Uttar Pradesh Pkg-107 project for the National Expressway Development Authority, what is the combined value of all completed assignments she has delivered to that client?",,,2942400000.0,1329700000.0,False,False
HV-IC-0030,money,"I’m looking at the scope figure on Suresh Das’s Six Sigma Black Belt entry for Road Widening — Odisha Pkg-98, but I know that’s just the single-job number, not the real baseline for their account—what’s the actual average size across every project we’ve wrapped up for that client?",,,195185714.0,195185714.0,True,True
HV-IC-0031,days,"suresh desai’s gujarat pkg-155 handpump pmp issued march 10 2021, how many days to completion?",,,1267.0,1267.0,True,True
HV-IC-0032,money,"Irrigation & Waterways Dept, Govt of Rajasthan, cross-checked against the 23.0 Cr limit, what is the sum?",,,1585300000.0,1585300000.0,True,True
HV-IC-0033,money,"Could you walk me through how to calculate the rupee difference between the mean and the median contract value for all the completed works under the client for Tanvir Menon's Six Sigma Black Belt assignment on the Rajasthan Pkg-58 water treatment plant, and make sure the final number is negative if the mean is lower?",,,76950000.0,76950000.0,True,True
HV-IC-0036,money,"What’s the defensible aggregate of every executed contract value for the Central Works & Buildings Bureau, once we remove the water treatment segment?",,,1232600000.0,1232600000.0,True,True
HV-IC-0037,percent,"On the PMP assignment Farhan Roy is managing for Stormwater Drainage — Gujarat Pkg-80, what is the defensible collection percentage out of 100 against the total billed to the client?",,,99.78,99.78,True,True
HV-IC-0038,percent,"I’m still learning the ropes on our billing side, but while going through the Six Sigma Black Belt file for Uma Sen’s School Building — Delhi Pkg-154 assignment, what percentage out of 100 has actually cleared against the total billed for that client?",,,78.13,78.13,True,True
HV-IC-0039,money,"Sunita Joshi’s PMP issued 2021-03-10—what’s the combined value of the projects she led that completed after that date, since we need it to lock the bid submission?","SELECT SUM(p.value_inr) AS combined_value
FROM projects p
JOIN engineers e ON p.lead_engineer = e.name
WHERE e.name = 'Sunita Joshi'
  AND p.completion_date > '2021-03-10';",,507900000.0,507900000.0,True,True
HV-IC-0040,money,"on delhi pkg 37 wtp augmentation, who’s the client and what’s the average size across all their finished work?",,,450694737.0,450694737.0,True,True
HV-IC-0041,money,"That number for the UP irrigation account looks too clean, so what's the actual gap between what they've sanctioned and what we've billed?",SELECT (total_awarded_inr - total_invoiced_inr) AS gap FROM clients WHERE client_name = 'UP irrigation',,-377309701.0,-377309701.0,True,True
HV-IC-0043,money,"Public Works Department, Govt of Gujarat is the account I'm looking at, and I want to make sure I'm reading the numbers right—could you walk me through how to work out the shortfall between the approved contract totals and the amounts we've actually billed?",,,233820699.0,233820699.0,True,True
HV-IC-0044,money,"imran joshi six sigma black belt project, what’s the rupee gap between avg and median, negative if avg dips?",,,-192266667.0,-192266667.0,True,True
HV-IC-0045,days,"I’m fairly certain Jaya Desai’s PMP for the Odisha Pkg-59 stormwater drainage package was issued on March 10th, 2021, but could you confirm whether my recollection is right on how many days actually passed from that date until the project wrapped up?",,,710.0,710.0,True,True
HV-IC-0046,money,"Lakshya Engineering & Construction, what is the exact difference in value between our largest completed project and the second-largest?",,,658300000.0,658300000.0,True,True
HV-IC-0048,money,Could you please calculate the aggregate value of the works Suresh Desai led that reached completion after his PMP was issued on 2021-03-10?,,,128700000.0,128700000.0,True,True
HV-IC-0049,money,"Public Works Department, Govt of Maharashtra assignments look off on the first pass, but could you actually filter for anything at or over the twenty-six crore mark and run the proper calculation?",,,1424100000.0,1424100000.0,True,True
HV-IC-0050,money,Trishakti Power Generation Corporation’s 2022 and 2023 work completed values are needed right now for the submission cutoff—what’s the actual dollar amount between them?,,,534500000.0,534500000.0,True,True
HV-IC-0051,money,"I’m still wrapping my head around how we pull these numbers, but what’s the actual gap between the 2015 and 2017 value of work completed for the Central Works & Buildings Bureau?",,,309700000.0,309700000.0,True,True
HV-IC-0053,percent,"I’m pretty sure I saw the collection percentage out of 100 for the PMP assignment Jaya Desai is handling on STP — Gujarat Pkg-66 somewhere, but I’m not entirely sure my recollection is right—what’s the exact percentage out of 100 against the total billed for that client?",,,55.5,55.5,True,True
HV-IC-0054,money,"lakshmi ghosh’s pmp on the gujarat steel truss bridge, what’s the total value of all completed trishakti work?",,,8563200000.0,8563200000.0,True,True
HV-IC-0055,money,"Mahanadi Steel Corporation was the account I was looking at earlier, and I’m trying to verify my memory—was the shortfall between the total contract value and what we’ve actually billed significantly higher than I thought?","SELECT (total_awarded_inr - total_invoiced_inr) AS shortfall 
FROM clients 
WHERE client_name = 'Mahanadi Steel Corporation';",2728865201.0,2728865201.0,2728865201.0,True,True
HV-IC-0056,money,"When finalizing the audit-ready submission for the National Expressway Development Authority, what is the combined value of all completed assignments Priya Patel has delivered under her PMP credential, beginning with her work on the Anganwadi Centre — Jharkhand Pkg-142 project?",,,2942400000.0,293500000.0,False,False
HV-IC-0059,days,"PMP issued 2021-03-10; Rahul Menon; Material Handling Plant — Uttar Pradesh Pkg-89, cross-checking against the timeline, what is the count from that issue to the completion date?",,,676.0,676.0,True,True
HV-IC-0061,money,"Subarnarekha Valley Corporation shows works we have awarded, so what is the amount after we cross-check against the invoice amount?",,,3698700000.0,2293370196.0,False,False
HV-IC-0063,count,"pmp; manoj verma, how many work categories has he actually wrapped up?",,,2.0,2.0,True,True
HV-IC-0071,money,"Jharkhand Municipal Corporation is where I’m starting, but I’m still learning how we track bid credentials—how much more contract value would we need to bring in to hit the fifty crore mark?",,,28500000.0,28500000.0,True,True
HV-IC-0072,money,"I’m still finding my footing on the bid desk, so when I pull up Sanjay Joshi’s PMP for the West Bengal Pkg-73 STP, how do I calculate the rupee difference between the mean and median contract values for the completed works under that client, and should I leave the result negative if the mean is lower?",,,40288889.0,40288889.0,True,True
HV-IC-0073,percent,What percentage out of 100 collected aligns with the billed amounts for the Farhan Khan PMP on Highway Construction — Rajasthan Pkg-77 versus the invoiced totals?,,,78.18,78.18,True,True
HV-IC-0074,count,"PMP; Rohit Singh, please advise on the count of separate work categories he has concluded.","SELECT COUNT(DISTINCT p.category) 
FROM projects p
JOIN engineers e ON p.lead_engineer = e.emp_id
WHERE e.name = 'Rohit Singh' AND p.completion_date IS NOT NULL;",,2.0,2.0,True,True
HV-IC-0076,days,"rahul das mp pkg-49 rigid pavement pmp issued march 10 2021, days to completion?",,,1449.0,1449.0,True,True
HV-IC-0080,percent,"I’m checking the initial figure for Tanvir Menon’s Six Sigma Black Belt work on the STP — Jharkhand Pkg-94, but it doesn’t align with the actual cash movement, so what’s the real collection percentage out of 100 against the total billed after the proper adjustment?",,,78.13,78.13,True,True
HV-IC-0081,money,I’m trying to check my memory on Kavita Reddy’s PMP from 2021-03-10—was the combined value of the projects she led that finished after that date exactly what I’m recalling?,,,430100000.0,430100000.0,True,True
HV-IC-0082,money,"neha’s pmp bituminous overlay odisha pkg-35, what’s the average size across all our finished work for that client?",,,207675000.0,207675000.0,True,True
HV-IC-0085,money,"I’m pretty sure Suvarna Projects Limited’s work completed value was sitting near 380 crores back in 2018, but I want to verify my recollection—what’s the actual variance between that 2018 number and their 2021 figure?",,,783700000.0,-783700000.0,False,False
HV-IC-0086,money,"Tanvir Malhotra’s PMP for the Jharkhand Pkg-78 flyover shows a quick read that doesn’t track, so once you actually pull the client’s completed works and run the proper mean against the median, how much larger is the mean in rupees and should I leave it negative if the mean dips below the median?",,,202266667.0,202266667.0,True,True
HV-IC-0088,money,"Kavita Reddy’s PMP for the Process Piping Package — Delhi Pkg-75 is in my hand, but I’m still figuring out the bid desk workflow, so how do I actually calculate the rupee difference between the average and median for every completed job under that client, and should I leave it negative if the average turns out smaller?",,,240294737.0,240294737.0,True,True
HV-IC-0090,money,"sunita joshi’s six sigma black belt on rigid pavement delhi pkg-28, what’s the combined value of completed suvarna work?",,,2341700000.0,2341700000.0,True,True
HV-IC-0091,count,"PMP; Pooja Sen, I’m still getting used to how we log finished assignments here—just to make sure I’m tracking this right, how many different work categories has she actually brought to a close?",,,2.0,1.0,False,True
HV-IC-0092,money,"Jal Nigam, Uttar Pradesh: by how much does our largest completed contract exceed the second-biggest, needed to lock the bid before the cutoff?",,,495900000.0,495900000.0,True,True
HV-IC-0093,money,"I’m still getting my head around how we track client history, but when I pull up Deepa Chatterjee’s PMP file for Hospital Block — West Bengal Pkg-18, I only see the numbers for that single site—how do I find the overall average for every project we’ve actually finished for whoever hired us for that one?",,,277757143.0,378625000.0,False,False
HV-IC-0095,percent,"National Expressway Development Authority — what’s the out-of-100 figure for the projects that have a testimonial, as I need it locked in before the submission deadline?",,,88.89,78.0,False,False
HV-IC-0096,money,"That number on Jaya Desai’s PMP for Stormwater Drainage — Odisha Pkg-59 only covers this single site, but I need the proper baseline—what’s the mean across all our finished work for the client who brought us on board?",,,1661400000.0,207675000.0,False,False
HV-IC-0097,percent,"Neha Chopra PMP Highway Construction — Maharashtra Pkg-91 billing versus collection, what is the collection percentage out of 100 against the billing total?",,,78.13,78.13,True,True
HV-IC-0098,money,"Meera Roy’s PMP credential (PMI-200011) started on the Process Piping Package — Delhi Pkg-82 for Subarnarekha Valley Corporation, but what’s the combined value of every completed assignment she’s delivered to them before we hit the submission cutoff?",,,3698700000.0,414200000.0,False,False
HV-IC-0099,money,"Sunita Joshi’s Six Sigma Black Belt project on Rigid Pavement — Delhi Pkg-28 shows a single-site figure, but I’m fairly certain that’s just the local snapshot—what’s the actual mean across all the completed work we’ve delivered for whoever brought us on for this one?",,,2341700000.0,260188889.0,False,False
HV-IC-0100,money,"Regarding Meera Chatterjee’s PMP for the Rigid Pavement — Jharkhand Pkg-56, could you please calculate the rupee difference between the mean and median contract values for all completed assignments under the originating client, and record the figure as negative if the mean falls below the median?",,,115433333.0,115433333.0,True,True
HV-IC-0104,money,"I saw the preliminary number you ran for Mega Infrastructure Authority, but that doesn’t look right—did you actually cross-check the final completed values to see how much the largest one exceeds the second?",,,1034200000.0,1034200000.0,True,True
HV-IC-0105,money,"Trishakti Power Generation Corporation has a few bids hitting the twenty-five crore mark, but I need the combined value of those clearing that threshold before the submission window closes—can you pull that figure for me?",,,7548200000.0,7548200000.0,True,True
HV-IC-0110,percent,"I’m just grabbing Deepa Chatterjee’s PMP for the Institutional Building — Gujarat Pkg-32 and I’m still figuring out how we log this, so what’s the collection percentage out of 100 against the total billed?",,,89.19,89.19,True,True
HV-IC-0111,money,"Regarding Meera Roy’s PMP credential (PMI-200011) and her current Hydro Tunnel — Jharkhand Pkg-117 engagement for Arunodaya Infrastructure, could you please provide the aggregate value of all completed work she has delivered to that client?",,,2219900000.0,697900000.0,False,False
HV-IC-0112,money,"I need to lock down the exact difference in completed work value for the Public Health Engineering Dept, Odisha between 2023 and 2024—what’s the precise figure?",,,159600000.0,159600000.0,True,True
HV-IC-0114,count,"PMP; Suresh Das, I’m still getting used to how we track his finished assignments—could you let me know how many different work categories he’s actually seen through to the end?",,,2.0,2.0,True,True
HV-IC-0115,money,"I suspect that number on Meera Banerjee’s PMP for the Pumping Station — Tamil Nadu Pkg-16 only covers this specific site, so what’s the properly-derived average size across all the completed work we’ve delivered for whoever brought us on board?",,,611100000.0,611100000.0,True,True
HV-IC-0118,days,"I’m reviewing Meera Roy’s March 10th PMP for the Jharkhand hydro tunnel package, but that initial issue date doesn’t match the actual project window I’m seeing—can you calculate the real elapsed period from when that certification was issued until the tunnel work wrapped up?",,,854.0,374.0,False,False
HV-IC-0119,money,"The submission deadline is closing, so what’s the average size of every work we’ve completed for whoever brought us on board for the Water Treatment Plant — Rajasthan Pkg-58, since Tanvir Menon’s PMP only shows the local snapshot?",,,326300000.0,326300000.0,True,True
HV-IC-0120,money,"Trishakti Power Generation Corporation is the account under review, and could you please confirm the unbilled remainder after comparing the total awarded contract value against our submitted claims?",,,8563200000.0,6999776500.0,False,False
HV-IC-0121,days,"I’ve got the March 10th PMP for Meera on the Jharkhand Pkg-29 ROB assignment, but the usual gap doesn’t add up—could you run the actual count from that certification date to the final completion mark?",,,854.0,854.0,True,True
HV-IC-0122,money,"National Expressway Development Authority’s 2017 completed work value is a bit fuzzy in my memory, but I want to confirm my impression—what’s the actual gap between that 2017 figure and their 2021 total?",,,2367005768.0,237500000.0,False,False
HV-IC-0123,count,"PMP; Suresh Desai, please confirm the exact count of distinct work categories he has personally directed from initiation through to final delivery.","SELECT COUNT(DISTINCT category) 
FROM projects 
WHERE lead_engineer = 'Suresh Desai';",5.0,5.0,5.0,True,True
HV-IC-0124,money,"Mega Infrastructure Authority; excluding water treatment—I’m seeing the headline figure, but that’s clearly inflated by the treatment projects, so what’s the actual sum once we carve that out?",,,3849600000.0,3849600000.0,True,True
HV-IC-0125,money,Suvarna Projects Limited; excluding water supply — what’s the final tally for the rest before we lock the bid?,,,2303100000.0,2303100000.0,True,True
HV-IC-0127,money,"I’m up against a submission deadline for the Irrigation & Waterways Dept, Govt of West Bengal, so what’s the outstanding contract value we still need to secure from them to clear the 120 Cr credential threshold?",,,33000000.0,33000000.0,True,True
HV-IC-0129,money,"I just picked up the Mahanadi Steel Corporation file and I’m still getting used to how we track these, so could you give me the combined value of just the bids that clear the twenty-one crore mark or higher?",,,2656900000.0,2656900000.0,True,True
HV-IC-0130,money,"Amit, on your pkg-104 highway pmp, what’s the combined value of all completed subarnarekha work?",,,3698700000.0,3698700000.0,True,True
HV-IC-0131,money,Maharashtra Municipal Corporation; excluding industrial epc — what is the net contract value for the remaining scope ahead of our submission deadline?,,,592700000.0,592700000.0,True,True
HV-IC-0134,money,"I'm still getting my bearings on the bid desk, but with Jaya Desai's PMP for the Rail Tunnel — West Bengal Pkg-123 in hand, could you walk me through how to calculate the mean size across all the finished projects we've delivered for the client who originally brought us on for that tunnel?",,,450694737.0,450694737.0,True,True
HV-IC-0135,money,"mahanadi steel corp, minus the water treatment side, what’s the actual value?",,,3296200000.0,2833800000.0,False,False
HV-IC-0136,days,Divya Singh’s March 10th 2021 PMP for the West Bengal Pkg-13 lift irrigation package—what’s the count from that issue date to the final completion mark?,,,86.0,86.0,True,True
HV-IC-0138,money,"Irrigation & Waterways Dept, Govt of Rajasthan is the account I’m reviewing, but that first number I pulled doesn’t seem right—could you clarify the actual gap between the total value we’ve secured and the amount we’ve billed so far?",,,1901520126.0,1901520126.0,True,True
HV-IC-0139,percent,Can you confirm the collection percentage out of 100 for the Naveen Roy PMP on Handpump Installation — Uttar Pradesh Pkg-134 relative to the total billed?,,,99.05,99.05,True,True
HV-IC-0140,money,Mahanadi Steel Corporation; excluding bridges flyovers — what figure aligns with the cross-check against the ledger?,,,2615300000.0,2615300000.0,True,True
HV-IC-0144,days,"I’m prepping the audit response, so what is the exact span from the March 10, 2021 PMP issuance for Naveen Roy’s Handpump Installation — Uttar Pradesh Pkg-134 through to the final completion date?",,,1388.0,1388.0,True,True
HV-IC-0146,percent,"The posted collection number for Kavita Reddy’s PMP on the Flyover — Gujarat Pkg-8 looks too high compared to what we’re actually receiving, so what percentage of everything billed to that client has actually been collected — as a number out of 100, not a fraction — once the proper adjustments are factored in?",,,88.9,55.5,False,False
HV-IC-0148,money,"Arunodaya Infrastructure, 2022 to 2023, what's the swing in work completed value before the submission cutoff?",,,2219900000.0,-49800000.0,False,False
HV-IC-0149,money,"Rohit Singh’s PMP credential (PMI-200033) is currently logged on the Check Dam — Maharashtra Pkg-69 for Peninsular Petroleum Corporation, but I have a strong feeling just taking that single project figure is going to throw off our bid—what’s the actual combined value of every completed assignment he’s delivered to them?",,,1366300000.0,491100000.0,False,False
HV-IC-0151,money,Cross-checking Naveen Roy’s PMP issued 2021-03-10 against the project entries—what is the sum of the values for the works he led that finished after that date?,,,769000000.0,769000000.0,True,True
HV-IC-0153,money,"Could you please sum the values of all completed assignments Pooja Sen has delivered to Trishakti Power Generation Corporation under her Six Sigma Black Belt credential (6S-500157), which is currently active on the Water Treatment Plant — West Bengal Pkg-44 project?",,,8563200000.0,178300000.0,False,False
HV-IC-0155,money,"What’s the auditable net shift in the Public Works Department, Govt of Gujarat’s completed work value from 2016 through 2018?",,,688500000.0,-197200000.0,False,False
HV-IC-0156,money,"Trishakti Power Generation Corporation bids are being reconciled against the forty crore threshold, what is the sum?",,,7013400000.0,7013400000.0,True,True
HV-IC-0158,days,"Can you calculate the exact span from Farhan Rao’s March 10, 2021 PMP issue date to the final completion mark for the Uttar Pradesh Pkg-26 material handling plant before we hit the submission deadline?",,,1589.0,1589.0,True,True
HV-IC-0159,money,Trishakti Power Generation Corporation; excluding expressways — what value matches the cross-check against the portfolio?,,,4563200000.0,4563200000.0,True,True
HV-IC-0161,days,"What is the defensible interval from the March 10, 2021 PMP issuance for Rahul Menon’s West Bengal Pkg-120 highway tunnel scope through to the final completion date?",,,801.0,801.0,True,True
HV-IC-0162,money,"I’m looking at Amit Iyer’s Six Sigma Black Belt certification for the Community Centre — Uttar Pradesh Pkg-139, but the summary figure feels off, so could you actually derive the rupee gap between the average and median contract values for every completed job under that commissioning client, and leave it negative if the average falls short?",,,115433333.0,115433333.0,True,True
HV-IC-0163,money,"Trishakti Power Generation Corporation shows the contract value, and what is the amount after cross-checking against the claims we submitted?",,,8563200000.0,6999776500.0,False,False
HV-IC-0164,days,gautam joshi’s jharkhand pkg-61 material handling plant pmp from mar 10 2021—what’s the count to final completion?,,,143.0,143.0,True,True
HV-IC-0167,money,"Suresh Das’s Six Sigma Black Belt for the Road Widening — Odisha Pkg-98 points to a specific client, so what’s the rupee difference between the average and median contract values for all their completed jobs right now, and should I leave it negative if the average dips below the median before we lock this submission?",,,31185714.0,31185714.0,True,True
HV-IC-0172,money,"National Expressway Development Authority, what is the exact surplus value separating our highest-value finished contract from the next one down?",,,2942400000.0,880700000.0,False,False
HV-IC-0175,money,"I’m still learning how we roll up client totals, but while I’m looking at Jaya Desai’s PMP credential (PMI-200032) for the Stormwater Drainage — Odisha Pkg-59 project, what’s the full tally of every completed scope she’s delivered to the Public Health Engineering Dept, Odisha?",,,1661400000.0,468900000.0,False,False
HV-IC-0176,money,"You handed me the Suvarna Projects Limited figure, but that’s clearly still carrying the industrial epc piece, so what’s the real number once that segment is stripped out?",,,2341700000.0,2097600000.0,False,False
HV-IC-0177,days,"I'm still getting my bearings here, but could you walk me through how to calculate the total elapsed time from Sunita Joshi's March 10th PMP issue for the Uttar Pradesh Pkg-25 residential quarters through to the final completion date?",,,87.0,87.0,True,True
HV-IC-0178,money,"sanjay joshi's pmp: what's the rupee mean-median gap for his client's works, negative if mean is lower?",,,40288889.0,76950000.0,False,False
HV-IC-0180,percent,"Suvarna Projects Limited — could you please confirm the final numerical value representing the share of our projects with that client that are supported by client testimonials, expressed as a whole number out of one hundred?",,,88.89,100.0,False,False
HV-IC-0181,count,"PMP; Lakshmi Ghosh, what is the verified count of separate work categories she has successfully closed out?",,,5.0,5.0,True,True
HV-IC-0183,money,"I’m still new to the Jal Nigam, Jharkhand portfolio—could you tell me what the year-on-year movement in completed work value was between 2020 and 2021?",,,661000000.0,-661000000.0,False,False
HV-IC-0184,money,Naveen Roy's PMP for the Cable Stayed Bridge — Delhi Pkg-109; what's the mean size across the client's full portfolio?,,,783183333.0,783183333.0,True,True
HV-IC-0185,money,"Could you please confirm the aggregate figure for our Jal Nigam, Uttar Pradesh engagements after the water treatment division is excluded?",,,1667500000.0,1383400000.0,False,False
HV-IC-0186,money,"That first total I saw for Lakshmi Ghosh’s PMP issued 2021-03-10 clearly includes earlier completions, so what’s the actual combined value of just the works she led that finished after that March date?",,,201600000.0,201600000.0,True,True
HV-IC-0188,money,"pooja sen’s six sigma bb for hydro tunnel pkg-105 is site-specific, so what’s the average size for her client?",,,260188889.0,260188889.0,True,True
HV-IC-0189,percent,"Meera Roy's PMP for the Sewerage Network — Odisha Pkg-17 — I'm locking the bid submission and need it for the deadline, so what percentage of everything billed to that client has actually been collected — as a number out of 100, not a fraction?",,,82.4,82.4,True,True
HV-IC-0191,money,"Subarnarekha Valley Corporation is still a bit of a puzzle for me, so could you help me figure out the combined value of only the assignments that clear the two crore mark?",,,3679300000.0,3679300000.0,True,True
HV-IC-0192,money,"National Expressway Development Authority — I’m still getting used to how we pull these numbers for the bid pack, so could you show me how to calculate how much our biggest finished contract there exceeds the next one down?",,,2942400000.0,880700000.0,False,False
HV-IC-0193,money,"Neha Chopra’s PMP for the WTP Augmentation — West Bengal Pkg-30 is on my desk, but the number currently attached to her client’s completed jobs feels off, so could you actually derive how much larger the average contract value of the works we’ve finished for that commissioning client is than the median, and leave it negative if the average is the smaller of the two?",,,1944300000.0,116057143.0,False,False
HV-IC-0194,money,"Pooja Bose’s PMP for the Process Piping Package — Tamil Nadu Pkg-54 is hitting the cutoff, so what’s the rupee difference showing how much larger the average contract value of the works we’ve completed for that commissioning client is than the median, and should I leave it negative if the average is the smaller of the two before we lock this?",,,3296200000.0,61833333.0,False,False
HV-IC-0195,percent,"I’m just pulling Suresh Chopra’s PMP for the Substation EPC — Tamil Nadu Pkg-19 and I’m still getting my bearings with how we track incoming payments, so what percentage of everything billed to that client has actually been collected — as a number out of 100, not a fraction?",,,89.19,89.19,True,True
HV-IC-0196,money,"gujarat pw, how much more value do we need to clear the 70cr bar?",,,11500000.0,11500000.0,True,True
HV-IC-0197,money,"Maharashtra Municipal Corporation is showing a total awarded figure that feels off, so can you calculate the actual shortfall between the contract value and what we’ve actually billed?",,,532779688.0,532779688.0,True,True
HV-IC-0198,money,"Arunodaya Infrastructure is pulling up a number that doesn’t seem right, so could you actually work out the true gap between the full value of their awards and what we’ve managed to invoice?",,,2219900000.0,1033673040.0,False,False
HV-IC-0200,days,how many days from lakshmi's mar 10 pmp for the mp pkg-42 widening to handover?,,,438.0,438.0,True,True
HV-IC-0202,money,"Public Health Engineering Dept, Odisha has several assignments in our pipeline, and could you please calculate the combined value of those meeting or exceeding the eighteen crore threshold for our submission file?",,,1621500000.0,1621500000.0,True,True
HV-IC-0206,money,"I’m reviewing Uma Sen’s Six Sigma Black Belt (6S-500164) on the Check Dam — Uttar Pradesh Pkg-83 scope for Mega Infrastructure Authority, but I suspect just pulling that single project figure is going to skew our bid—what’s the actual combined value of every completed assignment she’s delivered to them?",,,4098100000.0,314000000.0,False,False
HV-IC-0207,money,"Regarding Meera Roy’s PMP issued on March 10, 2021, what is the precise combined value of the assignments she directed that wrapped up after that date?",,,1083300000.0,1083300000.0,True,True
HV-IC-0209,money,"Amit Iyer’s Six Sigma Black Belt certification for the Rigid Pavement — Madhya Pradesh Pkg-7 job is on my desk, but the number currently circulating feels like a localized read rather than the full picture, so what’s the actual mean size across every project we’ve wrapped up for the organization that brought us in for that pavement contract?",,,274683333.0,274683333.0,True,True
HV-IC-0211,money,Could you verify the completed work values for Jharkhand Municipal Corporation in 2013 and 2017 so I can back up the variance for the audit?,,,17900000.0,-17900000.0,False,False
HV-IC-0212,money,"mega infra authority contract value seems high, can you pull the delta between secured work and submitted claims?",,,3336816908.0,3337616908.0,False,False
HV-IC-0214,percent,"Starting from the PMP for Amit Iyer on the Community Centre — Uttar Pradesh Pkg-139, I suspect the collection rate currently showing is inflated, so what’s the verified collection percentage out of 100 for that client’s total billed amount once we factor in the actual receipts?",,,78.63,78.63,True,True
HV-IC-0215,money,"Subarnarekha Valley Corporation is coming up in the auditor review, so what’s the defensible figure we should quote once we filter out the industrial epc work?",,,3698700000.0,3284500000.0,False,False
HV-IC-0216,money,"peninsular petroleum corporation excluding buildings, what’s the actual sum we’re quoting?",,,831800000.0,1072300000.0,False,False
HV-IC-0217,money,"Meridian Constructors & Co., please confirm how much our largest work exceeds the second-largest.",,,1067200000.0,1067200000.0,True,True
HV-IC-0220,money,"peninsular petroleum bids, what’s the sum for anything hitting fifteen crore or more?",,,1366300000.0,1077300000.0,False,False
HV-IC-0222,money,"priya's rajasthan pumping station pmp is here, but what's the mean volume across all her client's completed jobs?",,,326300000.0,326300000.0,True,True
HV-IC-0223,money,"Trishakti Power Generation Corporation is hitting the submission window, so what’s the actual sum we need to quote right now after dropping the industrial epc work?",,,8563200000.0,7802900000.0,False,False
HV-IC-0224,money,"I’m pulling up Uma Sen’s Six Sigma Black Belt (6S-500164) on the Pumping Station — Odisha Pkg-79 scope for the Central Works & Buildings Bureau, but I need the full rollup of every completed assignment she’s delivered to them before we submit—what’s that combined total?",,,1591200000.0,358600000.0,False,False
HV-IC-0225,count,"PMP; Sunita Joshi, that quick count I’m looking at doesn’t quite add up—could you confirm the actual number of distinct work categories she’s personally led to completion?",,,6.0,6.0,True,True
HV-IC-0226,money,"I’m still getting my bearings on the bid desk, but when I start with the Tamil Nadu Municipal Corporation portfolio and exclude the bridges and flyovers, how do I calculate the right figure for the rest?",,,1732800000.0,1732800000.0,True,True
HV-IC-0227,money,"Jal Nigam, Jharkhand is on my desk and I'm still getting used to how we track our billing—could you point me to the actual shortfall between the total value of the projects they've handed over and what we've managed to bill so far?",,,1613800000.0,1179034540.0,False,False
HV-IC-0228,money,Could you verify the finalized completed work valuations for Mega Infrastructure Authority in both 2014 and 2025 so I can reconcile the period-over-period shift for the audit file?,,,1958800000.0,-1958800000.0,False,False
HV-IC-0229,money,"Cross-checking Pooja Sen’s Six Sigma Black Belt (6S-500157) against the Hydro Tunnel — West Bengal Pkg-105 scope, I need to verify the exact aggregate for the audit file—what is the combined value of every completed assignment she has delivered to Suvarna Projects Limited?",,,2341700000.0,2341700000.0,True,True
HV-IC-0232,money,"I’m looking at the draft breakdown for Peninsular Petroleum Corporation, but that initial figure seems off—could you verify the actual calculation to see how much our top finished contract beats the one just behind it by?",,,1366300000.0,250600000.0,False,False
HV-IC-0233,money,I'm looking at Jaya Desai's PMP credential (PMI-200032) for the Drainage Works — Tamil Nadu Pkg-141 scope with Mahanadi Steel Corporation and I'm not clear on whether I should just use this line item or sum up her entire track record—what's the total value of all her completed projects for Mahanadi Steel Corporation?,,,3296200000.0,39900000.0,False,False
HV-IC-0234,money,"Cross-checking against the client roster for Sanjay Joshi’s PMP on the Material Handling Plant — Maharashtra Pkg-96, what is the mean size across work we delivered to that organization?",,,217833333.0,217833333.0,True,True
HV-IC-0235,money,"national expressway development authority excluding industrial epc, what’s the real number we’re locking in?",,,2262700000.0,2262700000.0,True,True
HV-IC-0236,money,"Tamil Nadu Municipal Corporation is coming up in my head and I have a half-remembered sense of how much our top finished contract there beats the second one, but I want to verify if my memory is right—could you confirm the exact figure?",,,1833300000.0,1196800000.0,False,False
HV-IC-0240,money,"Regarding Asha Nair’s Six Sigma Black Belt certification tied to the WTP Augmentation — Maharashtra Pkg-93 assignment, could you please determine the typical project scale across all finished engagements we have delivered to the commissioning authority?",,,2008199999.0,334700000.0,False,False
HV-IC-0242,money,"Trishakti Power Generation Corporation submissions require verification, could you please provide the aggregate value for all proposals meeting the seven crore rupee threshold?",,,8436100000.0,6609900000.0,False,False
HV-IC-0243,money,"Arunodaya Infrastructure is on my desk and I’m still finding my way through the bid compilation process, so could you quickly tell me by how much our largest completed project there exceeds the second one?",,,52200000.0,52200000.0,True,True
HV-IC-0244,days,"pritis pmp hit mar 10 2021 for the west bengal hospital block, how many days to wrap up?",,,1277.0,1277.0,True,True
HV-IC-0248,money,That quick figure you pulled for the Maharashtra PWD looks suspiciously round—could you actually run the math to confirm exactly how much our largest completed project exceeds the second one by?,,,57000000.0,57000000.0,True,True
HV-IC-0249,money,I'm still getting my bearings with the Tamil Nadu Municipal Corporation portfolio—could you point me to the 2013 and 2018 completed work totals so I can see how they compare?,,,1196800000.0,1196800000.0,True,True
HV-IC-0253,percent,"Hey, I’m still getting my bearings with the bid workflow — for the Maharashtra PWD projects, what’s the whole number out of a hundred that represents the portion of our work backed by a client reference?",,,83.33,83.33,True,True
HV-IC-0255,money,The figure circulating for Suvarna Projects Limited looks too neat to be accurate—could you actually verify the completed project values and work out the real difference between our largest one and the second largest?,,,645300000.0,645300000.0,True,True
HV-IC-0256,percent,"I’m checking Priti Pillai’s PMP for the Material Handling Plant — Madhya Pradesh Pkg-68 and I’m fairly certain the collection figure we’re tracking is in the mid-seventies, but I want to confirm whether my recollection is right—what percentage of everything billed to that client has actually been collected as a number out of 100, not a fraction?",,,79.82,79.82,True,True
HV-IC-0258,money,"Subarnarekha Valley Corporation has several active tenders, and could you please calculate the cumulative figure for those valued at twenty-two crore rupees or higher?",,,3698700000.0,2997300000.0,False,False
HV-IC-0259,money,"Tanvir Menon’s PMP for the Hydro Tunnel — Madhya Pradesh Pkg-108 requires a precise valuation, so could you calculate the rupee difference between the average and median contract values for all completed projects under the commissioning client, leaving the figure negative if the average is lower than the median?",,,271442857.0,271442857.14,False,True
HV-IC-0260,money,"I’m reviewing Farhan Roy’s PMP credential for the Stormwater Drainage — Gujarat Pkg-80 scope with Trishakti Power Generation Corporation, but I’m fairly certain just copying that one line item will tank our margin—what’s the actual combined value of every completed assignment he’s delivered to them?",,,8563200000.0,308800000.0,False,False
HV-IC-0263,count,"phed odisha bid, how many of the five completed jobs lack a client reference letter on file?",,,3.0,3.0,True,True
HV-IC-0264,money,"Mahanadi Steel Corporation has a handful of assignments on our board that I’m trying to verify, but I can’t quite recall the exact count—could you confirm if the combined figure for anything crossing the thirty-five crore mark matches what I’m thinking?",,,1738500000.0,1738500000.0,True,True
HV-IC-0266,money,"tamil nadu municipal corporation totals look off, can you work out missing amount between commitments and our bills?",,,1691908530.0,59384417.0,False,False
HV-IC-0268,money,"Just picking up Tanvir Malhotra's PMP for the Cable Stayed Bridge — Uttar Pradesh Pkg-121, and I'm still learning how we track client portfolios, but what's the mean size across every completed assignment we've delivered to that commissioning authority?",,,416875000.0,416875000.0,True,True
HV-IC-0269,money,"Mega Infrastructure Authority, 2013 and 2016—what’s the absolute difference in completed work value between those two years so I can lock the final bid?",,,368700000.0,368700000.0,True,True
HV-IC-0270,money,"Neha Chopra's PMP issued 2021-03-10 is the reference—what is the combined value of the works she led that completed after that date, cross-checked against the completion dates?",,,410800000.0,228200000.0,False,False
HV-IC-0271,money,"I’m pretty sure Lakshmi Ghosh’s PMP for the Steel Truss Bridge — Gujarat Pkg-112 ties into a client portfolio where the mean contract value sits roughly fifteen lakhs above the median, but could you actually calculate the exact rupee gap between the average and median for all finished jobs under that commissioning client and confirm whether my recollection is right?",,,240294737.0,240294736.84,False,True
HV-IC-0273,money,"When I’m prepping the National Expressway Development Authority breakdown and need to exclude the industrial epc segment, what’s the auditable figure I should stand behind for client verification?",,,2262700000.0,2262700000.0,True,True
HV-IC-0276,money,"Asked by someone reconciling records. PMP; Meera Roy. Cross-checking against the client portfolio, what is the rupee difference between the average and median contract values for the works, and should the figure be negative if the average is smaller?",,,271442857.0,-49171428.57,False,False
HV-IC-0278,money,"I'm reviewing Tanvir Menon's PMP for the Rail Tunnel — Jharkhand Pkg-102, but I need the mean scale across every finished assignment we've delivered to the commissioning authority for that one.",,,410966667.0,410966666.67,False,True
HV-IC-0279,money,Could you send me the verified completed work totals for Arunodaya Infrastructure in 2016 and 2023 for the auditor review?,,,58000000.0,58000000.0,True,True
HV-IC-0280,money,"I’m half-remembering that the total for Rajesh Rao’s completed work with the Public Health Engineering Dept, Odisha is just the School Building — Odisha Pkg-136 line item on his PMP (PMI-200031), but I want to confirm whether that’s right or if I’m missing other assignments—what’s the actual combined value?",,,12200000.0,12200000.0,True,True
HV-IC-0282,money,"Mahanadi Steel Corporation, 2022 and 2025—I’m cross-checking the surface figure and it doesn’t quite add up. What’s the actual net shift in completed work value between those two years?",,,50500000.0,50500000.0,True,True
HV-IC-0284,money,"meridian constructors & co. awarded value seems off, can you work out the gap between secured work and billed?",,,875511822.0,875511822.0,True,True
HV-IC-0285,money,"I'm looking at Suvarna Projects Limited and the value they've put on the table doesn't match the cash flow we're showing, can you dig into the variance between the total scope they've handed over and the value we've successfully claimed?",,,2341700000.0,74257700.0,False,False
HV-IC-0286,money,That initial read on the Jal Nigam Uttar Pradesh pipeline feels off—could you actually calculate the combined value for every assignment clearing the thirty-five crore mark?,,,1324900000.0,1324900000.0,True,True
HV-IC-0287,money,The draft figure circulating looks off—can you walk me through the actual derived gap between Mega Infrastructure Authority's 2010 baseline and 2018 completed work totals?,,,826600000.0,826600000.0,True,True
HV-IC-0289,money,"Suvarna Projects Limited, 2012 and 2014—what’s the movement in completed work so I can lock the bid before the 5 PM cutoff?",,,436000000.0,436000000.0,True,True
HV-IC-0290,days,"I'm still getting my bearings with the timeline tracking here, but could you help me figure out how many days Rahul Das's March 10, 2021 PMP for the Delhi Pkg-81 institutional building ran until the final handover?",,,1503.0,1503.0,True,True
HV-IC-0291,money,"Asha Nair’s Six Sigma Black Belt ties into the School Building — Madhya Pradesh Pkg-145 job, but the figure circulating doesn’t seem right—what’s the actual average size across every finished assignment we’ve delivered to the organization that commissioned that one?",,,585442857.0,585442857.14,False,True
HV-IC-0292,money,"National Expressway Development Authority; excluding roads highways, could you please confirm the aggregate value of our remaining engagements for this client?",,,2730900000.0,2730900000.0,True,True
HV-IC-0293,money,"Peninsular Petroleum Corporation, 2019 versus 2021—I’m pretty sure the completed work value shifted by a solid margin, but I’m not entirely confident in my memory, so could you confirm whether my recollection is right and what the actual difference is?",,,1366300000.0,314400000.0,False,False
HV-IC-0294,money,"Mega Infrastructure Authority’s current portfolio is on our books, but I need to reconcile the official award totals against our submitted claims to give the auditor a defensible variance number—can you calculate the exact gap between what they’ve committed us to and what we’ve formally claimed?","SELECT COALESCE(total_awarded_inr, 0) - COALESCE(total_invoiced_inr, 0) AS gap_amount FROM clients WHERE client_name = 'Mega Infrastructure Authority'",3336816908.0,3336816908.0,3336816908.0,True,True
HV-IC-0295,money,What’s the verified gap between the National Special Projects Office 2013 completed work total and the 2025 figure that I should lock in?,,,4699100000.0,720200000.0,False,False
HV-IC-0296,money,"Just pulling Meera Roy’s PMP for the ROB — Jharkhand Pkg-29 job, and I’m still learning how we map out client portfolios, but what’s the typical scale across every completed assignment we’ve handed over to the organization that commissioned that one?",,,2219900000.0,317128571.43,False,False
HV-IC-0297,money,pheg gujarat 2010 vs 2017—what’s the actual move in completed work value?,,,110700000.0,110700000.0,True,True
HV-IC-0299,money,I’m reviewing the National Expressway Development Authority portfolio and the first pass figure seems off—could you actually run the numbers and give me the proper sum for the projects that clear the twenty-one crore threshold?,,,2629400000.0,2629400000.0,True,True
HV-IC-0300,money,"I’m still getting my head around how we track the National Special Projects Office portfolio, but if I set aside the large bridges assignments in this file, what’s the remaining value we should carry for the rest of their projects?",,,2829300000.0,4365300000.0,False,False
HV-IC-0301,money,"Suvarna Projects Limited is on my desk for audit prep, and I need to pin down the exact gap between the total value they’ve committed us to and the amount we’ve actually billed so far—can you calculate that shortfall?",,,1351409347.0,1351409347.0,True,True
HV-IC-0302,money,"My memory is fuzzy on whether Meera Roy’s PMP (PMI-200011) only shows the Hospital Block — Odisha Pkg-39 project for Peninsular Petroleum Corporation, or if there are other scopes I’m missing—can you confirm the actual combined value of every completed assignment she’s delivered to them?",,,1366300000.0,181700000.0,False,False
HV-IC-0304,money,"I’m fairly certain Chandan Banerjee’s PMP for the Six-Lane Highway — West Bengal Pkg-116 connects to a commissioning client where the mean contract value sits a bit above the median, but could you actually calculate the exact rupee difference between the average and median for all finished jobs under that client, and should I leave the figure negative if the average turns out to be the smaller of the two?",,,240294737.0,240294736.84,False,True
HV-IC-0305,money,"I’m still learning how we track these, but when I look at Meera Banerjee’s PMP issued on March 10th, 2021, what’s the combined value of just the works she led that finished after that certification date?",,,296300000.0,296300000.0,True,True
HV-IC-0306,money,I’m reviewing the Suvarna Projects Limited pipeline and my memory on the heavier contracts feels a bit fuzzy—could you check whether the combined value for anything clearing the eleven crore mark aligns with what I’m picturing?,,,2212300000.0,2212300000.0,True,True
HV-IC-0310,money,subarnarekha valley corp 2016 vs 2017—what’s the delta on completed work value?,,,1255700000.0,1255700000.0,True,True
HV-IC-0311,money,"Subarnarekha Valley Corporation is on my desk for the audit review, and I need the defensible figure showing exactly by how much our largest completed work exceeds the second one—could you calculate that difference?",,,861300000.0,861300000.0,True,True
HV-IC-0312,days,PMP issued 2021-03-10; Asha Nair; WTP Augmentation — Maharashtra Pkg-93 — could you please calculate the total elapsed period from that certification date through to the final completion of the project?,,,77.0,77.0,True,True
HV-IC-0313,money,"Central Works & Buildings Bureau shows two awarded works on our side, but what is the gap between the value they assigned and the value we billed?",,,1386519548.0,1386519548.0,True,True
HV-IC-0314,percent,"I noticed the initial count for Mega Infrastructure Authority, but that seems off, so could you actually work out the share of our projects with them that carry a client sign-off and just give me the final whole number out of a hundred?",,,85.71,85.71,True,True
HV-IC-0315,money,"amit's six sigma pkg-7 needs a quick calc: avg minus median client value in r, negative if lower?",,,3296200000.0,61833333.33,False,False
HV-IC-0316,money,I’m still getting my bearings with the Jal Nigam UP file here—could you let me know the net difference in completed work value between 2011 and 2018?,,,153300000.0,153300000.0,True,True
HV-IC-0318,days,"The preliminary tally for Meera's March 10, 2021 PMP on the Tamil Nadu Pkg-9 WTP augmentation doesn't quite add up—could you calculate the actual number of days from that certification issuance to the final handover?",,,1134.0,1134.0,True,True
HV-IC-0319,money,"Public Works Department, Govt of Maharashtra; excluding sewerage drainage—I keep seeing the gross figure floating around, but I know that’s still bundling the drainage scope, so what’s the actual derived value we should be standing behind?",,,1831599999.0,1831600000.0,False,True
HV-IC-0322,money,National Expressway Development Authority assignments require cross-checking against the ten crore mark—can you calculate the aggregate for entries meeting that limit?,,,2860100000.0,2860100000.0,True,True
HV-IC-0323,money,"Arunodaya Infrastructure; excluding tunnels, is the rest of the portfolio the figure I’m half-remembering?",,,1219500000.0,1219500000.0,True,True
HV-IC-0324,days,"I'm half-remembering the timeline for Amit Mukherjee's March 10, 2021 PMP on the Institutional Building — Uttar Pradesh Pkg-11 site—could you confirm how long it actually ran from that certification date to handover?",,,1308.0,1308.0,True,True
HV-IC-0326,money,"Maharashtra Municipal Corporation requires the precise difference between our highest-value completed assignment and the subsequent one for the ongoing submission, could you please calculate that figure?",,,653500000.0,512900000.0,False,False
HV-IC-0327,money,"Public Health Engineering Dept, Odisha—still getting my bearings with how we track these, could you let me know how much the completed work amount shifted between 2020 and 2025?",,,582600000.0,582600000.0,True,True
HV-IC-0328,money,"central works & buildings bureau excluding small buildings, what’s the actual value we’re carrying?",,,1080000000.0,1522500000.0,False,False
HV-IC-0329,money,"meera banerjee’s pmp for the rigid pavement tn pkg-70, what’s the mean size across our projects for that client?",,,274683333.0,274683333.33,False,True
HV-IC-0330,money,"National Special Projects Office awarded value versus our invoiced value, what is the shortfall?",,,4243158462.0,4243158462.0,True,True
HV-IC-0331,percent,"meera roy's pmp for ut pr pkg 2 wtp augmentation, what's the collection % out of 100 on billed?",,,79.82,99.78,False,False
HV-IC-0332,money,Subarnarekha Valley Corporation just landed on my desk—could you walk me through the steps to pull the difference between our highest-value completed assignment for them and the next one down?,,,3698700000.0,861300000.0,False,False
HV-IC-0333,money,"pmp; naveen roy. need rupee gap between average and median values for that client's work, negative if average lower?",,,20300000.0,368533333.33,False,False
HV-IC-0334,money,"Just pulled Jaya Desai’s PMP from March 10, 2021 off the desk—what’s the combined value of only the assignments she headed that wrapped up after that issuance date?",,,265700000.0,265700000.0,True,True
HV-IC-0335,days,"I’m cross-checking Suresh Desai’s March 10, 2021 PMP for the Odisha residential quarters package and noticed the preliminary tally looks off—could you actually calculate the real interval from that certification date through to final completion?",,,798.0,798.0,True,True
HV-IC-0336,percent,"Cross-checking Suresh Desai PMP Handpump Installation Gujarat Pkg-155 against payment logs, what percentage of billed amount collected out of 100?",,,92.5,92.5,True,True
HV-IC-0337,money,"I’m looking at Rahul Menon’s PMP for the Highway Tunnel — West Bengal Pkg-120, and I’m still getting my bearings with how we track client portfolios, but what’s the average size across every completed project we’ve handed over to the department that commissioned that one?",,,389000000.0,389000000.0,True,True
HV-IC-0338,money,"public health engineering dept odisha awarded works, what’s the gap between total award value and our billed amount?",,,629771836.0,629771836.0,True,True
HV-IC-0339,days,"Could you please calculate the total number of days from the March 10, 2021 PMP issuance for Neha Chopra through to the final completion of the WTP Augmentation — West Bengal Pkg-30 assignment?",,,110.0,110.0,True,True
HV-IC-0340,money,"With reference to Rahul Menon’s PMP for the Rural Road Upgradation — Jharkhand Pkg-153 assignment, what is the average contract value across all completed engagements for the commissioning authority?",,,471500000.0,157166666.67,False,False
HV-IC-0342,money,"Cross-checking the PMP for Naveen Roy on STP — Uttar Pradesh Pkg-31, what is the average size across all assignments for the client that commissioned STP — Uttar Pradesh Pkg-31?",,,450694737.0,450694736.84,False,True
HV-IC-0343,money,"I'm half-remembering that Amit Iyer's Six Sigma Black Belt scope on the Rigid Pavement — Madhya Pradesh Pkg-7 project is his only assignment for Mahanadi Steel Corporation, but I want to confirm if I'm missing other scopes—what's the actual combined value of every completed work he's delivered to them?",,,375200000.0,375200000.0,True,True
HV-IC-0344,money,"irrigation & waterways dept, govt of west bengal, what’s the difference between our biggest and next completed jobs?",,,1167000000.0,342900000.0,False,False
HV-IC-0346,percent,"I’m reviewing the PMP for Neha Chopra on the Bituminous Overlay — Odisha Pkg-35 and the collection rate currently showing looks suspiciously high, so what’s the actual percentage out of 100 of everything billed to that client that has genuinely come in?",,,82.4,82.4,True,True
HV-IC-0347,percent,"Meridian Constructors & Co. looks like it’s just showing a raw count, so could you actually calculate the share of those assignments that came with a client endorsement and just give me the final whole number out of a hundred?",,,83.33,83.0,False,True
HV-IC-0348,money,"I’m fairly certain Rahul Das’s PMP was issued on March 10th, 2021, but could you just confirm the combined value of the works he led that finished after that certification?",,714500000.0,714500000.0,714500000.0,True,True
HV-IC-0349,money,"Hey, I’m just grabbing Sunita Joshi’s PMP for the Uttar Pradesh residential quarters package, and since I’m still learning how we track client portfolios, could you calculate the rupee difference between the average and median contract values for the commissioning client’s completed jobs, and let me know if I should mark it negative whenever the average ends up lower?",,,240294737.0,240294736.84210527,False,True
HV-IC-0350,percent,"Bid deadline is tight, so what’s the collection percentage out of 100 for Rahul Menon’s PMP on the Material Handling Plant — Uttar Pradesh Pkg-89 so I can lock the submission?",,,99.78,99.78,True,True
HV-IC-0351,money,"PMP issued 2021-03-10 for Rahul Menon—what’s the combined value of only the works he led that finished after that date, since the bid pack needs the post-certification sum right now?",,,898500000.0,898500000.0,True,True
HV-IC-0352,percent,Could you please confirm the collection percentage out of 100 for Chandan Banerjee’s PMP on the Six-Lane Highway — West Bengal Pkg-116?,,,99.78,99.78,True,True
HV-IC-0356,money,"National Special Projects Office is on my desk, and I need the exact amount by which our highest-value completed assignment for them exceeds the next one down—could you calculate that figure?",,,4699100000.0,864000000.0,False,False
HV-IC-0357,percent,"for odisha phed, what’s the out of 100 figure for projects with client approval?",,,62.5,62.5,True,True
HV-IC-0361,percent,"Regarding the PMP for Neha Chopra on ROB — Delhi Pkg-36, could you please confirm what percentage out of 100 of the total billed amount has actually been collected for the client?",,,78.18,78.18,True,True
HV-IC-0362,money,"Following up on the Subarnarekha Valley Corporation account, that first number you sent looks like a raw sum of the awards—can you actually calculate the real gap between the total value they’ve assigned us and what we’ve successfully billed?",,,2293370196.0,2293370196.0,True,True
HV-IC-0368,days,"I’m still getting my bearings on how we track these, but could you tell me how many days elapsed from Naveen’s March 10, 2021 PMP for the Uttar Pradesh Pkg-31 STP site until the work actually wrapped up?",,,1339.0,1339.0,True,True
HV-IC-0371,money,"Public Health Engineering Dept, Odisha has awarded us a few projects, but am I right that my recollection is correct about how much of the total value is still sitting above what we’ve actually invoiced?",,,1661400000.0,629771836.0,False,False
HV-IC-0373,percent,"I’m looking at Meera Banerjee’s PMP for the Pumping Station — Tamil Nadu Pkg-16 and I’m still getting my bearings on how we track what we’ve actually brought in, so what’s the figure out of 100 that shows what portion of the total billed amount has cleared?",,,58.0,58.0,True,True
HV-IC-0374,money,"PMP; Imran Joshi’s Patch Repair — Delhi Pkg-132 is on my desk, and while the dashboard flashes a quick rupee figure, I’m fairly certain that’s just a surface-level total rather than the actual spread—could you properly derive the average and median contract values for the commissioning client behind that package, then give me the exact rupee gap between them, negative if the average ends up lower?",,,202266667.0,202266666.6666667,False,True
HV-IC-0376,money,That initial read on Lakshya Engineering & Construction's contract roll feels off—could you actually filter for the heavier commitments crossing the fifteen crore mark and give me the properly derived sum?,,,1640400000.0,1640400000.0,True,True
HV-IC-0377,money,"irr & waterways dept rajasthan roll, can you sum the values clearing the twenty six crore mark?",,,1350500000.0,1350500000.0,True,True
HV-IC-0380,count,"PMP; Tanvir Menon, what’s the exact count of distinct work categories he’s personally led to completion before we lock the submission?",,,5.0,5.0,True,True
HV-IC-0381,money,"Arunodaya Infrastructure, submission due, what's the outstanding balance against the total contract value?","SELECT total_outstanding_inr 
FROM clients 
WHERE client_name = 'Arunodaya Infrastructure';",,2219900000.0,258859089.0,False,False
HV-IC-0382,money,I’m just picking up Lakshya Engineering & Construction’s file here and trying to figure out how to calculate the unbilled portion of their total project value—could you walk me through the steps to get from that figure down to what we’ve actually invoiced?,,,213836582.0,213836582.0,True,True
HV-IC-0385,percent,"Deepa Chatterjee’s PMP on the Stormwater Drainage — Madhya Pradesh Pkg-24 is what I’m looking at, and I’m trying to verify the collection percentage out of 100, and I’m fairly certain it’s in the high seventies, but could you confirm if that’s correct?",,,88.9,88.9,True,True
HV-IC-0386,money,"I'm still getting my bearings with the Trishakti account, but could you quickly check the heavier contracts clearing the twenty-five crore mark and let me know what they add up to?",,,7548200000.0,7548200000.0,True,True
HV-IC-0387,days,"Could you please confirm the exact day count from the March 10, 2021 PMP issuance for Neha Chopra on the Bituminous Overlay — Odisha Pkg-35 project to its final completion?",,,1680.0,1680.0,True,True
HV-IC-0389,percent,"Trishakti Power Generation Corporation lists assignments on my end, so when I cross-check those against endorsements, what is the out of 100 figure for the portion that cleared?",,,89.47,89.47,True,True
HV-IC-0390,money,"Lakshya Engineering & Construction is on my desk and I’m still learning the ropes here, but what’s the standard way to figure out the total amount they still owe for all the work we’ve billed them?",,,304845395.0,304845395.0,True,True
HV-IC-0391,money,"I know we flagged the Irrigation & Waterways Dept, Govt of Uttar Pradesh account as fully billed, but the system balance looks too high—can you actually run the deduction of what they’ve cleared so far versus what’s still sitting on our books?",,,5222174.0,5222174.0,True,True
HV-IC-0392,money,"Quick question while I'm grabbing this—since I'm still learning the ropes, could you tell me the total amount still owed by Subarnarekha Valley Corporation for all the invoices we've submitted to them?",,,307371878.0,307371878.0,True,True
HV-IC-0393,money,"Suvarna Projects Limited is the client I’m reviewing, and I need to know what portion of our billed totals is still pending, so could you tell me where I should look for that?",,,74257700.0,74257700.0,True,True
HV-IC-0394,money,"pwd gujarat, we sent all the bills, but what’s the actual remaining balance still on their end?",,,47628436.0,47628436.0,True,True
HV-IC-0395,money,I’m still getting my bearings with the Meridian Constructors & Co. account—what’s the total amount still owed across all their billing?,"SELECT total_outstanding_inr 
FROM clients 
WHERE client_name = 'Meridian Constructors & Co.';",141252125.0,141252125.0,141252125.0,True,True
HV-IC-0396,money,"Arunodaya Infrastructure shows a preliminary figure, but that doesn't account for the payments we've actually cleared against those billed amounts—can you run the adjusted balance after all those credits are applied?",,,258859089.0,258859089.0,True,True
HV-IC-0397,money,"I’m still getting my bearings with the Irrigation & Waterways Dept, Govt of Rajasthan file, so could you tell me what the total unpaid balance is across all the invoices we’ve submitted?",,,25044542.0,25044542.0,True,True
HV-IC-0398,money,"Public Health Engineering Dept, West Bengal, could you please calculate the total remaining balance across all charged amounts for this account?",,,83695139.0,83695139.0,True,True
HV-IC-0399,money,What is the exact unpaid balance across all the billing entries we have submitted for the Mega Infrastructure Authority account?,,,153615621.0,153615621.0,True,True
HV-IC-0400,money,"Gujarat Municipal Corporation is the client we have invoiced, and could you please confirm the total amount still outstanding across those invoices?",,,5271022.0,5271022.0,True,True
HV-IC-0401,money,"Cross-checking the Central Works & Buildings Bureau account, what is the balance still owed across the invoices?",,,16960229.0,16960229.0,True,True
HV-IC-0402,money,"National Special Projects Office, what is the exact total of all submitted charges that remain unpaid?",,,137717817.0,137717817.0,True,True
HV-IC-0403,money,"Public Health Engineering Dept, Gujarat account, what is the precise remaining balance we need to stand by after deducting all cleared payments from our total billed value?",,,27766580.0,27766580.0,True,True
HV-IC-0404,money,"What is the precise net balance due for the Public Works Department, Govt of Tamil Nadu across all billed amounts?",,,7822.0,7822.0,True,True
HV-IC-0405,money,"National Expressway Development Authority, what’s the total unpaid amount across all the invoices we’ve sent them?","SELECT total_outstanding_inr 
FROM clients 
WHERE client_name = 'National Expressway Development Authority';",122976053.0,122976053.0,122976053.0,True,True
HV-IC-0406,money,"When we reconcile the Jal Nigam, Jharkhand account, what is the precise net balance still due after we deduct every cleared payment from our total billed value?",,,37740914.0,37740914.0,True,True
HV-IC-0407,money,"public health engineering dept, odisha, what’s the total pending amount across all our submitted bills?",,,181544012.0,181544012.0,True,True
HV-IC-0408,money,"Public Works Department, Govt of West Bengal, what amount remains on the invoices we are cross-checking?",,,34124708.0,34124708.0,True,True
HV-IC-0409,money,"Mahanadi Steel Corporation was flagged with that initial tally, but that number clearly doesn't account for the actual payments they've made, so what's the true balance still on our books?","SELECT total_outstanding_inr 
FROM clients 
WHERE client_name = 'Mahanadi Steel Corporation';",61349923.0,61349923.0,61349923.0,True,True
HV-IC-0410,money,"Jal Nigam, Gujarat, what is the balance when I cross-check invoices against the payment system?",,,330010947.0,330010947.0,True,True
HV-IC-0411,money,"Trishakti Power Generation Corporation — what’s the total value of all our billed amounts that are still pending, and I need that figure in the next ten minutes for the bid submission?",,,3507654.0,3507654.0,True,True
HV-IC-0412,money,"Maharashtra Municipal Corporation has multiple invoices on file, so could you please calculate the total amount still due across all of them?","SELECT total_outstanding_inr 
FROM clients 
WHERE client_name = 'Maharashtra Municipal Corporation';",-13279236.0,-13279236.0,-13279236.0,True,True
HV-IC-0413,money,Tamil Nadu Municipal Corporation is the relevant account; could you please confirm the total amount currently due across all our submitted charges?,"SELECT total_outstanding_inr 
FROM clients 
WHERE client_name = 'Tamil Nadu Municipal Corporation';",,59384417.0,59384417.0,True,True
HV-IC-0414,money,"Cross-checking against the Public Works Department, Govt of Maharashtra accounts, what is the difference in value between the expressways and water treatment work we executed?",,,315700000.0,315700000.0,True,True
HV-IC-0415,money,"trishakti power generation corp, what’s the value diff between our roads highways and tunnels work?",,,298900000.0,298900000.0,True,True
HV-IC-0416,money,"Suvarna Projects Limited; cross-checking against the client account, what is the value variance between the bridges flyovers and sewerage drainage scopes we delivered?",,,129100000.0,129100000.0,True,True
HV-IC-0417,money,"Jharkhand Municipal Corporation, bridges and flyovers versus water treatment—what is the exact difference in total contract value between those two portfolios?",,,227200000.0,227200000.0,True,True
HV-IC-0418,money,"Subarnarekha Valley Corporation, expressways; roads highways, could you please calculate the difference in total contract value between our expressway assignments and our standard road and highway projects for that client?",,,652200000.0,652200000.0,True,True
HV-IC-0419,money,"Cross-checking Trishakti Power Generation Corporation assignments, what is the value difference between sewerage drainage and water supply?",,,985600000.0,985600000.0,True,True
HV-IC-0420,money,"I’m fairly certain our Mahanadi Steel Corporation roads and highways contract was worth more than the water treatment package we took on for them, but could you quickly verify if my recollection is right on the actual difference in value?",,,893900000.0,893900000.0,True,True
HV-IC-0421,money,Can you quickly calculate the difference between our irrigation and sewerage drainage scopes for Suvarna Projects Limited before the submission deadline?,,,382500000.0,382500000.0,True,True
HV-IC-0422,money,"suvarna projects limited tunnels and water supply, what’s the value difference between them?",,,977100000.0,977100000.0,True,True
HV-IC-0423,money,Mahanadi Steel Corporation is the account I’m still getting my bearings on—could you point me to where I’d pull the difference in total value between the roads highways and sewerage drainage scopes?,,,1201100000.0,1201100000.0,True,True
HV-IC-0424,money,I’m just pulling up the Tamil Nadu Municipal Corporation file for the first time—how do I figure out the total value difference between their expressways and water treatment scopes?,,,1196800000.0,1196800000.0,True,True
HV-IC-0425,money,"National Expressway Development Authority is the file I just pulled, and since I’m still finding my footing on the bid desk, how do I calculate the total value difference between the roads highways work and the tunnels work?",,,188500000.0,188500000.0,True,True
HV-IC-0426,money,"Subarnarekha Valley Corporation is the account in question, and could you please confirm the total value difference between the bridges and flyovers work and the roads maintenance work we have delivered?",,,77600000.0,77600000.0,True,True
HV-IC-0427,money,National Expressway Development Authority submission is due in twenty minutes—what’s the total value delta between our industrial epc and roads highways scopes?,,,468200000.0,468200000.0,True,True
HV-IC-0428,money,"Regarding the Mahanadi Steel Corporation portfolio, could you please confirm the net value variance between our roads maintenance and water supply works?",,,8500000.0,8500000.0,True,True
HV-IC-0429,money,That quick tally for the National Special Projects Office feels off—could you work out the actual difference between our expressways and irrigation commitments for them?,,,1586500000.0,1586500000.0,True,True
HV-IC-0430,money,Trishakti Power Generation Corporation irrigation and water supply totals don't match what you flagged earlier—can you actually pull the separate project values and tell me the real difference in total value?,,,102100000.0,102100000.0,True,True
HV-IC-0431,money,"Arunodaya Infrastructure bridges flyovers and tunnels are currently lumped into one headline number, but that’s obviously masking the real split—can you actually drill down to the individual contract values and give me the true net variance between them?",,,410300000.0,410300000.0,True,True
HV-IC-0432,money,"Mahanadi Steel Corporation industrial epc and water treatment work are currently merged in the draft, but I know we priced them separately—can you actually pull the individual contract values and tell me the actual difference in total value?",,,38000000.0,38000000.0,True,True
HV-IC-0434,money,Could you confirm the audited spread between the roads maintenance and water treatment scopes we’ve delivered for Mahanadi Steel Corporation?,,,422500000.0,422500000.0,True,True
HV-IC-0435,money,"I’m half-remembering the Trishakti Power Generation Corporation account—could you just confirm whether the industrial EPC portion was larger than the water treatment work, and by what total value?",,,514500000.0,514500000.0,True,True
HV-IC-0436,money,"I keep seeing the headline totals for the Arunodaya Infrastructure roads highways and maintenance work, but that’s clearly not the final picture—what’s the actual value difference across both scopes once everything’s properly reconciled?",,,369100000.0,369100000.0,True,True
HV-IC-0437,money,What is the exact value difference between the total contract value for the Subarnarekha Valley Corporation industrial EPC scope and the corresponding roads maintenance contract?,,,393800000.0,393800000.0,True,True
HV-IC-0438,money,mah pwd: what’s the total value difference between the large bridges and water treatment scopes?,,,372700000.0,372700000.0,True,True
HV-IC-0439,money,"I'm still getting my head around how we track project values, so while I'm going through this National Expressway Development Authority file, how do I find the difference in total value between the irrigation and tunnels work we've handled?",,,160800000.0,160800000.0,True,True
HV-IC-0440,money,"subarnarekha valley corp account, what’s the value difference between our industrial epc and irrigation work?",,,278600000.0,278600000.0,True,True
HV-IC-0441,money,Quick question while I'm going through the Maharashtra Municipal Corporation file — how do I normally calculate the total value difference between our bridges and flyovers work and the roads maintenance projects for them?,,,554700000.0,554700000.0,True,True
HV-IC-0442,money,"I’m still getting my bearings here—when I’m reviewing the Mahanadi Steel account, how do we normally calculate the total value difference between the bridges and flyovers work and the industrial epc projects?",,,256500000.0,256500000.0,True,True
HV-IC-0443,money,"Suvarna Projects Limited irrigation and roads highways figures, cross-checking against the ledger, what is the difference between the categories?",,,472200000.0,472200000.0,True,True
HV-IC-0444,money,"Jharkhand Municipal Corporation bridges flyovers versus roads maintenance, I keep seeing a flat rate quoted but that can’t be right—what’s the actual spread across both scopes?",,,17900000.0,17900000.0,True,True
HV-IC-0445,money,"When we lock in the auditable totals for the National Expressway Development Authority, what is the verified net variance between our industrial EPC work and the tunnels work?",,,279700000.0,279700000.0,True,True
HV-IC-0447,money,"When the Public Health Engineering Dept, Odisha team requests our irrigation versus sewerage drainage portfolio totals, what precise variance should I quote to keep the audit trail clean?",,,550900000.0,550900000.0,True,True
HV-IC-0448,money,"When the Public Works Department, Govt of Maharashtra auditors ask for the defensible figure showing the net difference between our sewerage drainage and water treatment work, what exact value should I provide?",,,37600000.0,37600000.0,True,True
HV-IC-0449,money,"Cross-checking the Public Health Engineering Dept, Odisha account, what is the difference between the expressways value and the roads highways value?",,,187900000.0,187900000.0,True,True
HV-IC-0450,money,That Trishakti Power Generation Corporation figure feels off—can you actually pull the expressways and irrigation totals separately so I can work out the real difference myself?,,,3878700000.0,3878700000.0,True,True
HV-IC-0451,money,I’m going through the Subarnarekha Valley Corporation file and trying to get my bearings on our roads maintenance versus tunnels spend—could you point me to where the totals for each are so I can work out the difference?,,,1701800000.0,1701800000.0,True,True
HV-IC-0452,money,Could you please provide the difference in total value between our large bridges engagements and our roads highways engagements for Meridian Constructors & Co.?,"SELECT ABS(SUM(CASE WHEN LOWER(category) LIKE '%bridges%' THEN value_inr ELSE 0 END)) AS bridges_value, 
       SUM(CASE WHEN LOWER(category) LIKE '%roads%' OR LOWER(category) LIKE '%highways%' THEN value_inr ELSE 0 END) AS roads_highways_value
FROM projects
WHERE client_name = 'Meridian Constructors & Co.';",1774100000.0,1116200000.0,1116200000.0,True,True
HV-IC-0453,money,"Just trying to confirm my memory on the Jal Nigam account in Gujarat—am I right that the total value for our bridges and flyovers work sits ahead of the tunnels work, and could you remind me what the difference is?",,,889700000.0,889700000.0,True,True
HV-IC-0454,money,"Sorry to interrupt while I’m picking up this client file, but could you walk me through how to pull the total contract values for the Subarnarekha Valley Corporation industrial epc and sewerage drainage projects so I can figure out the difference myself?",,,194900000.0,194900000.0,True,True
HV-IC-0455,money,"I’m still learning the ropes while sorting through this Suvarna Projects Limited file, so could you tell me the total value difference between their bridges and flyovers versus the tunnels?",,,924900000.0,924900000.0,True,True
HV-IC-0456,money,"I’m fairly certain the Suvarna Projects Limited bid has us ahead on the roads and highways side compared to the tunnels, but could you just check if my recollection is right about the exact total value difference between those two workstreams?",,,885500000.0,885500000.0,True,True
HV-IC-0457,money,"Can you calculate the total value difference between the National Special Projects Office bridges and flyovers work and the expressways projects we’ve delivered for that account, and send it over immediately since we’re finalizing the bid submission?",,,1666200000.0,1666200000.0,True,True
HV-IC-0459,money,"The Mahanadi Steel Corporation account shows a quick tally for our industrial epc and roads highways scopes, but that number feels off—can you pull the separate contract values for each and send me the real spread?",,,931900000.0,931900000.0,True,True
HV-IC-0460,money,"Trishakti Power Generation Corporation files are still a bit new to me, and I'm trying to figure out how to pull the total value for the industrial epc work and the roads highways work, so could you point me to where those numbers are kept?",,,659200000.0,659200000.0,True,True
HV-IC-0461,money,"mahanadi steel corp roads highways vs water supply, what’s the value difference between those two?",,,1324900000.0,1324900000.0,True,True
HV-IC-0462,money,"National Special Projects Office irrigation and large bridges scopes, what’s the verified net value between those two portfolios?",,,1122500000.0,1122500000.0,True,True
HV-IC-0463,money,"Hey, on the NEDA file, once I’ve tallied the industrial epc and irrigation totals, is the standard way to get the final spread just to subtract the irrigation figure from the epc one?",,,440500000.0,440500000.0,True,True
HV-IC-0464,money,"That quick tally for the Public Works Department account feels off, so once you’ve actually run the irrigation totals against the roads and highways spend, what’s the real difference between them?",,,114000001.0,467300000.0,False,False
HV-IC-0465,money,"I’m still finding my way around the desk, so could you show me how to get the total value difference between the National Special Projects Office expressways and large bridges work?",,,464000000.0,464000000.0,True,True
HV-IC-0466,money,"peninsular petroleum irrigation and water supply, what’s the total value difference?",,,462900000.0,462900000.0,True,True
HV-IC-0467,money,"I’m still getting my bearings with the Maharashtra PWD account, but how do I pull the total value difference between their large bridges and sewerage drainage work?",,,410300000.0,410300000.0,True,True
HV-IC-0468,money,Could you send over the total contract values for Trishakti’s large bridges and water supply projects so I can see how they compare?,,,1042700000.0,1081100000.0,False,False
HV-IC-0469,money,"Could you provide the verified contract totals for the Jharkhand Municipal Corporation account, broken out by roads maintenance and water treatment, so I can confirm the exact variance?",,,245100000.0,245100000.0,True,True
HV-IC-0470,money,"Could you please confirm the total value difference between the roads maintenance and sewerage drainage works delivered to the Public Works Department, Govt of Gujarat?",,,197200000.0,197200000.0,True,True
HV-IC-0471,money,"Cross-checking the Mahanadi Steel Corporation account, what is the value difference between the bridges flyovers and water treatment work?",,,218500000.0,218500000.0,True,True
HV-IC-0472,money,"I’m pretty sure the bridges and flyovers work for Suvarna Projects outweighed the industrial epc contracts, but I can’t quite pin down the numbers—could you confirm whether that’s right and what the actual difference in total value is?",,,153300000.0,153300000.0,True,True
HV-IC-0473,money,"Mahanadi Steel Corporation, I’m trying to get the bridges flyovers and sewerage drainage totals lined up—could you walk me through how you usually extract those two figures so I can run the math myself?",,,525700000.0,836100000.0,False,False
HV-IC-0474,money,Subarnarekha Valley Corporation expressways versus tunnels totals—what’s the net difference in total value right now so I can lock the bid pack?,,,861300000.0,861300000.0,True,True
HV-IC-0475,money,"That first pass on the Subarnarekha Valley Corporation irrigation and sewerage drainage totals looks suspicious, so what’s the real difference between those two scopes once we’ve properly consolidated the figures?",,,83700000.0,83700000.0,True,True
HV-IC-0476,money,"I’m still getting my bearings on the Public Works Department, Govt of Maharashtra file, so once I sum the roads and highways and sewerage drainage scopes, what’s the final spread between them?",,,16699999.0,16699999.0,True,True
HV-IC-0477,money,I'm still getting my bearings with the Suvarna Projects account—could you walk me through how to find the total value difference between our sewerage drainage work and the water supply projects for them?,,,181300000.0,181300000.0,True,True
